movieId,title,genres
87004,Pina (2011),Documentary|Musical
87028,"Roommate, The (2011)",Drama|Thriller
87040,"Housemaid, The (Hanyo) (1960)",Crime|Drama|Horror
87079,Trust (2010),Drama|Thriller
87096,Group Sex (2010),Comedy
87115,"Speed Of Thought, The (2011)",Sci-Fi|Thriller
87166,Stolen (Stolen Lives) (2009),Crime|Drama|Mystery|Thriller
87179,"Sisters, The (1938)",Drama
87181,"Double Hour, The (La doppia ora) (2009)",Crime|Drama|Mystery|Romance|Thriller
87192,Attack the Block (2011),Action|Comedy|Sci-Fi
87197,Let the Bullets Fly (2010),Action|Comedy
87210,Wake (2009),Comedy|Drama|Romance
87222,Kung Fu Panda 2 (2011),Action|Adventure|Animation|Children|Comedy|IMAX
87232,X-Men: First Class (2011),Action|Adventure|Sci-Fi|Thriller|War
87234,Submarine (2010),Comedy|Drama|Romance
87260,Raffles (1930),Adventure|Crime|Drama|Romance|Thriller
87270,"Other Woman, The (2009)",Drama
87298,Everything Must Go (2010),Comedy|Drama
87302,Red White & Blue (2010),Drama|Mystery|Romance
87304,Beginners (2010),Drama
87306,Super 8 (2011),Mystery|Sci-Fi|Thriller|IMAX
87314,Lottery Ticket (2010),Comedy
87405,Daydream Nation (2010),Drama|Romance
87430,Green Lantern (2011),Action|Adventure|Sci-Fi
87469,Cinema Verite (2011),Drama
87471,"Yoo-Hoo, Mrs. Goldberg (2009)",Documentary
87483,Mr. Popper's Penguins (2011),Comedy
87485,Bad Teacher (2011),Comedy
87520,Transformers: Dark of the Moon (2011),Action|Adventure|Sci-Fi|War|IMAX
87522,Larry Crowne (2011),Comedy|Drama|Romance
87529,Your Highness (2011),Action|Adventure|Comedy|Fantasy
87547,Hand Gun (1994),Action|Crime|Drama|Thriller
87558,When Ladies Meet (1933),Comedy|Romance
87660,Too Big to Fail (2011),Drama
87785,Takers (2010),Action|Crime|Thriller
87867,Zookeeper (2011),Comedy
87869,Horrible Bosses (2011),Comedy|Crime
87876,Cars 2 (2011),Adventure|Animation|Children|Comedy|IMAX
87911,I Am You (In Her Skin) (2009),Drama|Thriller
87921,"Ward, The (2010)",Horror|Thriller
87930,Page One: Inside the New York Times (2011),Documentary
87971,Anton Chekhov's The Duel (2010),Drama
87973,"Betrayed, The (2009)",Crime|Drama|Mystery|Thriller
87975,Burn Notice: The Fall of Sam Axe (2011),Crime|Drama|Mystery
88005,Laws of Gravity (1992),Drama
88042,Cornered (1945),Film-Noir|Thriller
88094,Upside Down: The Creation Records Story (2010),Documentary
88118,"Perfect Host, The (2010)",Crime|Drama|Thriller
88125,Harry Potter and the Deathly Hallows: Part 2 (2011),Action|Adventure|Drama|Fantasy|Mystery|IMAX
88127,Conan O'Brien Can't Stop (2011),Documentary
88129,Drive (2011),Crime|Drama|Film-Noir|Thriller
88131,Love Crime (Crime d'amour) (2010),Crime|Mystery|Thriller
88140,Captain America: The First Avenger (2011),Action|Adventure|Sci-Fi|Thriller|War
88163,"Crazy, Stupid, Love. (2011)",Comedy|Drama|Romance
88179,One Day (2011),Drama|Romance
88235,"Guard, The (2011)",Comedy|Crime
88237,Griff the Invisible (2011),Comedy|Drama|Romance
88248,Quarantine 2: Terminal (2011),Horror|Mystery|Sci-Fi
88278,Phantom (1922),Drama|Fantasy|Romance
88356,"Smurfs, The (2011)",Animation|Children|Comedy
88405,Friends with Benefits (2011),Comedy|Romance
88515,Blitz (2011),Action|Crime|Thriller
88566,Mysteries of Lisbon (Mistérios de Lisboa) (2010),Drama|Mystery
88593,"Yellow Sea, The (a.k.a. The Murderer) (Hwanghae) (2010)",Crime|Drama|Thriller
88595,"Temptress, The (1926)",Drama|Romance
88599,Come Undone (Cosa voglio di più) (2010),Drama
88640,Rapt (2009),Drama
88646,"Cairo Station (a.k.a. Iron Gate, The) (Bab el hadid) (1958)",Crime|Drama
88672,Our Idiot Brother (2011),Comedy
88744,Rise of the Planet of the Apes (2011),Action|Drama|Sci-Fi|Thriller
88746,Terri (2011),Comedy
88785,"Change-Up, The (2011)",Comedy
88810,"Help, The (2011)",Drama
88812,30 Minutes or Less (2011),Action|Comedy|Crime
88818,Bulldog Drummond (1929),Drama|Mystery|Thriller
88837,"Trotsky, The (2009)",Comedy
88839,Anthony Zimmer (2005),Crime|Drama|Romance|Thriller
88886,Blues Harp (1998),Crime|Drama
88901,"Bulli: Cooking in Progress, El (2011)",Documentary
88932,Final Destination 5 (2011),Horror|Thriller|IMAX
88934,"Lovely, Still (2008)",Drama|Romance
88950,"Conspirator, The (2010)",Drama
88954,"Very Harold & Kumar 3D Christmas, A (2011)",Comedy
88991,Queen to Play (Joueuse) (2009),Drama
89000,Carancho (2010),Crime|Drama|Romance
89028,Don't Be Afraid of the Dark (2010),Horror|Thriller
89030,Fright Night (2011),Comedy|Horror
89039,Another Earth (2011),Drama|Romance|Sci-Fi
89045,Rocky VI (1986),Comedy
89047,Hesher (2010),Drama
89060,Cold Prey (Fritt Vilt) (2006),Action|Horror|Mystery|Thriller
89072,Stake Land (2010),Horror
89074,"Greatest Movie Ever Sold, The (POM Wonderful Presents: The Greatest Movie Ever Sold) (2011)",Documentary
89085,"Debt, The (2011)",Drama|Thriller
89087,Colombiana (2011),Action|Adventure|Drama|Thriller
89090,Bill Cunningham New York (2011),Documentary
89102,Freakonomics (2010),Documentary
89118,"Skin I Live In, The (La piel que habito) (2011)",Drama
89139,"Lodger, The (2009)",Crime|Drama|Mystery|Thriller
89162,Phil Ochs: There But for Fortune (2010),Documentary|Musical
89164,Good Neighbours (a.k.a. Good Neighbors) (2010),Crime|Thriller
89170,"Winning Season, The (2009)",Comedy
89190,Conan the Barbarian (2011),Action|Adventure|Fantasy
89203,Magic Trip (2011),Documentary
89260,Project Nim (2011),Documentary
89302,Page Eight (2011),Drama|Thriller
89305,"Inbetweeners Movie, The (2011)",Adventure|Comedy
89343,Red State (2011),Action|Crime|Horror|Thriller
89369,"Better Life, A (2011)",Drama
89388,I Don't Know How She Does It (2011),Comedy
89470,Contagion (2011),Sci-Fi|Thriller|IMAX
89472,We Have a Pope (Habemus Papam) (2011),Drama
89480,Sleeping Beauty (2011),Drama
89490,Straw Dogs (2011),Thriller
89492,Moneyball (2011),Drama
89506,"Appeared, The (Aparecidos) (2007)",Horror|Thriller
89535,"Havre, Le (2011)",Comedy|Drama
89582,Cold Fish (Tsumetai nettaigyo) (2010),Drama|Thriller
89629,Point Blank (À bout portant) (2010),Action|Crime|Thriller
89638,Nothing Personal (2009),Drama
89722,"Horrible Way to Die, A (2010)",Horror|Thriller
89745,"Avengers, The (2012)",Action|Adventure|Sci-Fi|IMAX
89747,Taxi! (1932),Crime|Drama|Romance
89753,Tinker Tailor Soldier Spy (2011),Drama|Film-Noir|Thriller
89759,"Separation, A (Jodaeiye Nader az Simin) (2011)",Drama
89761,"Dangerous Method, A (2011)",Drama|Thriller
89767,My Name Is Julia Ross (1945),Drama|Film-Noir|Mystery
89774,Warrior (2011),Drama
89780,Sherlock Holmes (2010),Mystery|Sci-Fi
89804,"Ides of March, The (2011)",Drama
89837,Kill List (2011),Horror|Mystery|Thriller
89840,Killer Elite (2011),Action|Thriller
89844,"Dukes, The (2007)",Comedy|Crime|Drama
89862,Bellflower (2011),Action|Drama|Romance
89864,50/50 (2011),Comedy|Drama
89877,Main Street (2010),Drama
89900,Once Upon a Time in Anatolia (Bir zamanlar Anadolu'da) (2011),Drama
89904,The Artist (2011),Comedy|Drama|Romance
89945,BlinkyTM (2011),Horror|Sci-Fi
89965,Song of the Exile (Ke tu qiu hen) (1990),Drama
90057,Take Shelter (2011),Drama
90090,"Game of Death, The (Le Jeu de la Mort) (2010)",Documentary
90249,Real Steel (2011),Action|Drama|Sci-Fi|IMAX
90266,Buck (2011),Documentary
90341,Catching Hell (2011),Documentary
90343,Footloose (2011),Comedy|Drama|Musical
90345,"Thing, The (2011)",Horror|Mystery|Sci-Fi|Thriller
90353,Beautiful Boy (2010),Drama
90357,Tyrannosaur (2011),Drama
90371,"Killer Is Loose, The (1956)",Crime|Drama|Film-Noir
90374,Martha Marcy May Marlene (2011),Drama|Thriller
90376,We Need to Talk About Kevin (2011),Drama|Thriller
90378,Tabloid (2010),Documentary
90384,Behind Enemy Lines II: Axis of Evil (2006),Action|Thriller|War
90403,"Three Musketeers, The (2011)",Action|Adventure
90405,In Time (2011),Crime|Sci-Fi|Thriller
90413,Oranges and Sunshine (2010),Drama
90421,Brighton Rock (2010),Crime|Drama|Thriller
90428,Margaret (2011),Drama
90430,Carnage (2011),Comedy|Drama
90434,Assassination Games (2011),Action|Thriller
90439,Margin Call (2011),Drama|Thriller
90474,Polisse (2011),Crime|Drama
90522,Johnny English Reborn (2011),Adventure|Comedy|Thriller
90524,Abduction (2011),Action|Drama|Mystery|Thriller
90528,This Must Be the Place (2011),Crime|Drama|Thriller
90531,Shame (2011),Drama
90574,Nora's Will (Cinco días sin Nora) (2008),Comedy|Drama
90576,What's Your Number? (2011),Comedy|Romance
90578,Dream House (2011),Drama|Mystery|Thriller
90592,How to Die in Oregon (2011),Documentary|Drama
90600,Headhunters (Hodejegerne) (2011),Action|Crime|Thriller
90603,Batman: Year One (2011),Action|Animation|Crime
90620,Mulan (2009),Action|Adventure|Drama|Romance
90624,Machine Gun Preacher (2011),Action|Crime
90645,Anonymous (2011),Drama
90647,Puss in Boots (2011),Adventure|Animation|Comedy|Fantasy|IMAX
90717,Tower Heist (2011),Action|Comedy|Crime
90719,J. Edgar (2011),Drama
90738,"Double, The (2011)",Action|Crime|Drama|Mystery|Thriller
90746,"Adventures of Tintin, The (2011)",Action|Animation|Mystery|IMAX
90751,"Son of No One, The (2011)",Action|Crime|Thriller
90753,Undertow (Contracorriente) (2009),Drama|Romance
90809,Tomboy (2011),Drama
90817,Cobra Woman (1944),Adventure|Drama
90863,George Harrison: Living in the Material World (2011),Documentary
90866,Hugo (2011),Children|Drama|Mystery
90868,Higher Ground (2011),Drama
90870,Trespass (2011),Crime|Drama|Thriller
90888,Immortals (2011),Action|Drama|Fantasy
90890,Jack and Jill (2011),Comedy
90899,"People vs. George Lucas, The (2010)",Documentary
90916,Setup (Set Up) (2011),Action|Crime|Drama
90929,House of Tolerance (2011),Drama
90933,"Deep Blue Sea, The (2011)",Drama|Romance
90939,11-11-11 (11-11-11: The Prophecy) (2011),Horror|Thriller
90943,Into the Abyss (2011),Documentary
90947,"Oslo, August 31st (Oslo, 31. august) (2011)",Drama
91007,I Want to Be a Soldier (2011),Drama
91010,Another Happy Day (2011),Drama
91026,Fright (1972),Crime|Horror|Thriller
91031,Wichita (1955),Action|Romance|Western
91035,Wuthering Heights (2011),Drama
91037,From Beyond the Grave (Creatures) (1974),Horror
91077,"Descendants, The (2011)",Comedy|Drama
91079,Like Crazy (2011),Drama|Romance
91094,"Muppets, The (2011)",Children|Comedy|Musical
91104,"Twilight Saga: Breaking Dawn - Part 1, The (2011)",Adventure|Drama|Fantasy|Romance
91126,War Horse (2011),Drama|War
91128,"Rum Diary, The (2011)",Comedy|Drama|Thriller
91134,My Week with Marilyn (2011),Drama
91137,Stanley and Livingstone (1939),Adventure|Drama
91273,Bunraku (2010),Action|Drama|Fantasy
91290,Sarah's Key (Elle s'appelait Sarah) (2010),Drama
91325,Extremely Loud and Incredibly Close (2011),Drama
91355,Asterix and the Vikings (Astérix et les Vikings) (2006),Adventure|Animation|Children|Comedy|Fantasy
91360,Sing Your Song (2011),Documentary
91362,Rings on Her Fingers (1942),Comedy|Romance
91371,Rampart (2011),Action|Crime|Drama|Thriller
91414,Arthur Christmas (2011),Animation|Children|Comedy|Drama
91416,Miss Bala (2011),Action|Adventure|Drama|Thriller
91474,Flypaper (2011),Comedy|Crime
91483,Bullet to the Head (2012),Action|Crime|Film-Noir
91485,"Expendables 2, The (2012)",Action|Adventure
91500,"Hunger Games, The (2012)",Action|Adventure|Drama|Sci-Fi|Thriller
91505,Clone (Womb) (2010),Drama|Romance|Sci-Fi
91529,"Dark Knight Rises, The (2012)",Action|Adventure|Crime|IMAX
91535,"Bourne Legacy, The (2012)",Action|Adventure|Drama|Thriller|IMAX
91540,I Melt with You (2011),Drama
91542,Sherlock Holmes: A Game of Shadows (2011),Action|Adventure|Comedy|Crime|Mystery|Thriller
91571,Coriolanus (2011),Drama|Thriller
91622,Young Adult (2011),Comedy|Drama
91628,New Year's Eve (2011),Comedy|Romance
91630,Mission: Impossible - Ghost Protocol (2011),Action|Adventure|Thriller|IMAX
91653,We Bought a Zoo (2011),Comedy|Drama
91658,"Girl with the Dragon Tattoo, The (2011)",Drama|Thriller
91660,"Darkest Hour, The (2011)",Action|Horror|Sci-Fi|Thriller
91673,Albert Nobbs (2011),Drama
91681,"Julia's Eyes (Ojos de Julia, Los) (2010)",Horror|Thriller
91694,Intruders (2011),Horror|Thriller
91697,Pitfall (1948),Film-Noir
91707,In the Land of Blood and Honey (2011),Drama|Romance|War
91727,"Toast of New York, The (1937)",Comedy|Drama|War
91784,Girl Walks Into a Bar (2011),Comedy|Drama|Fantasy
91808,Pariah (2011),Drama
91831,"Devil Inside, The (2012)",Horror|Thriller
91842,Contraband (2012),Action|Crime|Drama|Thriller
91888,Chico & Rita (2010),Animation|Musical|Romance
91890,"Iron Lady, The (2011)",Drama
91902,Elena (2011),Drama
91947,"Revenant, The (2009)",Comedy|Horror
91952,"Mill and the Cross, The (2011)",Drama
91954,One Trick Pony (1980),Drama
91974,Underworld: Awakening (2012),Action|Fantasy|Horror|IMAX
91976,"Grey, The (2012)",Action|Drama
91978,Man on a Ledge (2012),Crime|Thriller
92008,Haywire (2011),Action|Thriller
92048,"Whistleblower, The (2010)",Drama|Thriller
92058,"Human Centipede II (Full Sequence), The (2011)",Horror
92102,"Buona Sera, Mrs. Campbell (1968)",Comedy
92152,"Turn Me On, Dammit! (Få meg på, for faen) (2011)",Comedy
92184,Christmas Evil (a.k.a. You Better Watch Out) (1980),Horror|Thriller
92192,Apollo 18 (2011),Horror|Sci-Fi|Thriller
92198,Seeking Justice (2011),Action|Drama|Thriller
92214,"Poseidon Adventure, The (2005)",Action|Adventure|Drama
92234,Red Tails (2012),Action|Adventure|Drama|War
92236,In Darkness (2011),Drama
92243,"Flowers of War, The (Jin líng shí san chai) (2011)",Drama|War
92259,Intouchables (2011),Comedy|Drama
92264,One for the Money (2012),Action|Comedy|Crime
92309,"Innkeepers, The (2011)",Horror|Thriller
92391,Grave Encounters (2011),Horror
92393,Detective Dee and the Mystery of the Phantom Flame (Di Renjie) (2010),Action|Crime|Mystery
92420,Chronicle (2012),Action|Sci-Fi|Thriller
92422,"Woman in Black, The (2012)",Drama|Horror|Thriller
92437,Toast (2010),Comedy|Drama
92453,"Moine, Le (Monk, The) (2011)",Drama|Mystery|Thriller
92507,Safe House (2012),Action|Crime|Mystery|Thriller
92509,"Vow, The (2012)",Drama|Romance
92535,Louis C.K.: Live at the Beacon Theater (2011),Comedy
92643,Monsieur Lazhar (2011),Children|Comedy|Drama
92665,"For a Good Time, Call... (2012)",Comedy|Drama|Romance
92674,Janie Jones (2010),Drama|Musical
92694,Perfect Sense (2011),Drama|Romance|Sci-Fi
92841,Winter in Wartime (Oorlogswinter) (2008),Drama|War
92920,"Hunter, The (2011)",Drama
92938,Ghost Rider: Spirit of Vengeance (2012),Action|Fantasy|Thriller
92966,Love Wrecked (2005),Comedy|Romance
93006,"Very Potter Musical, A (2009)",Comedy|Musical
93008,"Very Potter Sequel, A (2010)",Comedy|Musical
93035,"Great Sinner, The (1949)",Drama
93040,"Civil War, The (1990)",Documentary|War
93061,October Baby (2011),Drama
93128,"Mozart's Sister (Nannerl, la soeur de Mozart) (2011)",Drama|Romance
93134,"Women on the 6th Floor, The (Les Femmes du 6ème Étage) (2010)",Comedy
93193,Red Hill (2010),Crime|Thriller|Western
93242,Gone (2012),Drama|Thriller
93270,Project X (2012),Comedy
93272,Dr. Seuss' The Lorax (2012),Animation|Fantasy|Musical|IMAX
93287,"Big Year, The (2011)",Comedy
93297,Act of Valor (2012),Action|Thriller|War
93326,This Means War (2012),Action|Comedy|Romance
93363,John Carter (2012),Action|Adventure|Sci-Fi|IMAX
93443,Goon (2011),Comedy|Drama
93463,Eye of the Devil (1966),Horror|Mystery
93475,"Awakening, The (2011)",Horror|Thriller
93498,Game Change (2012),Drama
93510,21 Jump Street (2012),Action|Comedy|Crime
93512,"Jeff, Who Lives at Home (2012)",Comedy|Drama
93552,Blind (Beul-la-in-deu) (2011),Drama|Horror|Thriller
93563,Lockout (2012),Action|Sci-Fi|Thriller
93570,Bedevilled (Kim Bok-nam salinsageonui jeonmal) (2010),Crime|Drama|Horror
93693,Casa de mi Padre (2012),Comedy
93700,Corman's World: Exploits of a Hollywood Rebel (2011),Documentary
93721,Jiro Dreams of Sushi (2011),Documentary
93766,Wrath of the Titans (2012),Action|Adventure|Fantasy|IMAX
93803,4:44 Last Day on Earth (2011),Drama|Fantasy|Sci-Fi
93805,Iron Sky (2012),Action|Comedy|Sci-Fi
93819,Absentia (2011),Horror
93831,American Reunion (American Pie 4) (2012),Comedy
93838,The Raid: Redemption (2011),Action|Crime
93840,"Cabin in the Woods, The (2012)",Comedy|Horror|Sci-Fi|Thriller
93855,God Bless America (2011),Comedy|Drama
93933,Footnote (Hearat Shulayim) (2011),Drama
93946,L!fe Happens (2012),Comedy
93952,"Silent House, The (La casa muda) (2010)",Horror|Thriller
93980,"Three Stooges, The (2012)",Comedy
93982,"Raven, The (2012)",Mystery|Thriller
94011,"Big Bang, The (2011)",Action|Thriller
94018,Battleship (2012),Action|Sci-Fi|Thriller|IMAX
94061,Madhouse (1974),Crime|Horror|Mystery
94070,"Best Exotic Marigold Hotel, The (2011)",Comedy|Drama
94122,Comic-Con Episode IV: A Fan's Hope (2011),Documentary
94150,Hysteria (2011),Comedy|Romance
94266,"Five-Year Engagement, The (2012)",Comedy|Romance
94289,"Murderer Lives at Number 21, The (L'assassin habite... au 21) (1942)",Comedy|Mystery|Thriller
94323,Think Like a Man (2012),Comedy
94325,"Lucky One, The (2012)",Drama
94350,Nob Hill (1945),Drama|Musical
94352,Bride Flight (2008),Drama
94405,Safe (2012),Action|Crime|Thriller
94439,Jumping the Broom (2011),Comedy
94466,Black Mirror (2011),Drama|Sci-Fi
94478,Dark Shadows (2012),Comedy|Horror|IMAX
94491,Daylight (2010),Horror|Thriller
94494,96 Minutes (2011),Drama|Thriller
94503,"Decoy Bride, The (2011)",Comedy|Romance
94537,Angels Crest (2011),Drama
94539,Viva Riva! (2010),Drama
94556,Citizen Gangster (2011),Crime|Drama
94573,"Last Play at Shea, The (2010)",Documentary|Musical
94677,"Dictator, The (2012)",Comedy
94746,"Largo Winch (Heir Apparent: Largo Winch, The) (2008)",Adventure|Thriller
94777,Men in Black III (M.III.B.) (M.I.B.³) (2012),Action|Comedy|Sci-Fi|IMAX
94780,Snow White and the Huntsman (2012),Action|Adventure|Drama
94799,Sound of My Voice (2011),Drama|Mystery|Sci-Fi
94801,"Steel Trap, The (1952)",Crime|Drama
94815,Chicken with Plums (Poulet aux prunes) (2011),Drama
94833,"Pirates! Band of Misfits, The (2012)",Adventure|Animation|Children|Comedy
94864,Prometheus (2012),Action|Horror|Sci-Fi|IMAX
94867,"Pact, The (2012)",Horror|Mystery|Thriller
94896,Bernie (2011),Comedy|Crime|Drama
94902,Ten North Frederick (1958),Drama|Romance
94904,3 A.M. (2001),Crime|Mystery|Romance
94917,Deadline - U.S.A. (1952),Crime|Drama
94919,Inhale (2010),Drama|Thriller
94931,Take This Waltz (2011),Drama|Romance
94953,Wanderlust (2012),Comedy
94959,Moonrise Kingdom (2012),Comedy|Drama|Romance
94967,Texas Killing Fields (2011),Crime|Drama|Thriller
94974,Superman vs. The Elite (2012),Action|Animation
94978,I Wish (Kiseki) (2011),Children|Drama
94985,Get the Gringo (2012),Action|Crime|Drama|Thriller
94998,5 Days of War (2011),Action|Drama|War
95000,"Life, Above All (2010)",Drama
95026,Exporting Raymond (2010),Comedy|Documentary
95028,Appointment with Danger (1951),Crime|Drama|Film-Noir
95058,Cosmopolis  (2012),Drama
95067,"Thousand Words, A (2012)",Comedy|Drama
95088,Safety Not Guaranteed (2012),Comedy|Drama
95105,Madagascar 3: Europe's Most Wanted (2012),Adventure|Animation|Children|Comedy|IMAX
95149,Superman/Batman: Public Enemies (2009),Action|Animation|Fantasy
95167,Brave (2012),Action|Adventure|Animation|Children
95177,Alcina (2000),Drama|Fantasy|Romance
95197,Bel Ami (2012),Drama|Romance
95201,To Rome with Love (2012),Comedy
95205,Don't Drink the Water (1969),Comedy
95207,Abraham Lincoln: Vampire Hunter (2012),Action|Fantasy|Horror|Thriller
95218,First Position (2011),Documentary
95237,Detention (2012),Comedy|Horror
95288,Confession (1937),Drama
95290,Kind Lady (1935),Drama|Thriller
95307,Rock of Ages (2012),Comedy|Drama|Musical|IMAX
95309,Seeking a Friend for the End of the World (2012),Comedy|Drama|Romance
95311,Presto (2008),Animation|Children|Comedy|Fantasy
95313,Jack-Jack Attack (2005),Adventure|Animation|Children|Comedy
95441,Ted (2012),Comedy|Fantasy
95449,Magic Mike (2012),Drama|Romance
95488,On the Road (2012),Adventure|Drama
95510,"Amazing Spider-Man, The (2012)",Action|Adventure|Sci-Fi|IMAX
95543,Ice Age 4: Continental Drift (2012),Adventure|Animation|Comedy
95558,Beasts of the Southern Wild (2012),Drama|Fantasy
95567,People Like Us (2012),Drama
95583,Savages (2012),Crime|Drama|Thriller
95611,Mooz-lum (2011),Drama
95613,"Union, The (2011)",Documentary
95690,Some Guy Who Kills People (2011),Comedy|Thriller
95720,"Watch, The (2012)",Comedy|Sci-Fi
95744,2 Days in New York (2012),Comedy
95756,"Cat in the Hat, The (1971)",Animation|Children
95761,Killer Joe (2011),Crime|Thriller
95816,Being Flynn (2012),Comedy|Drama
95858,For the Birds (2000),Animation|Children|Comedy
95873,Ruby Sparks (2012),Comedy|Fantasy|Romance
95875,Total Recall (2012),Action|Sci-Fi|Thriller
95939,"Angels' Share, The (2012)",Comedy|Drama
96058,Neil Young Journeys (2012),Documentary
96079,Skyfall (2012),Action|Adventure|Thriller|IMAX
96110,"Campaign, The (2012)",Comedy
96114,Brake (2012),Crime|Thriller
96121,Hope Springs (2012),Comedy|Drama
96150,"Queen of Versailles, The (2012)",Documentary
96281,ParaNorman (2012),Adventure|Animation|Comedy
96283,Diary of a Wimpy Kid: Dog Days (2012),Children|Comedy
96304,Hara-Kiri: Death of a Samurai (2011),Drama
96367,Hit and Run (Hit & Run) (2012),Action|Comedy|Romance
96417,Premium Rush (2012),Action|Thriller
96430,"Odd Life of Timothy Green, The (2012)",Comedy|Drama|Fantasy
96432,Lawless (2012),Crime|Drama
96467,Sleepwalk with Me (2012),Comedy|Drama
96488,Searching for Sugar Man (2012),Documentary
96510,"Apparition, The (2012)",Horror|Thriller
96563,Paradise Lost 3: Purgatory (2011),Documentary
96565,Bachelorette (2012),Comedy
96567,"Words, The (2012)",Drama|Romance
96588,Pitch Perfect (2012),Comedy|Musical
96606,Samsara (2011),Documentary
96610,Looper (2012),Action|Crime|Sci-Fi
96612,Compliance (2012),Drama|Thriller
96616,That's My Boy (2012),Comedy
96634,Apartment 143 (2011),Horror|Thriller
96655,Robot & Frank (2012),Comedy|Drama|Sci-Fi
96667,Ai Weiwei: Never Sorry (2012),Documentary
96691,Resident Evil: Retribution (2012),Action|Horror|Sci-Fi|IMAX
96693,Trouble with the Curve (2012),Drama
96700,360 (2011),Drama
96728,"Master, The (2012)",Drama
96737,Dredd (2012),Action|Sci-Fi
96739,We Live Again (1934),Drama
96751,Arbitrage (2012),Drama|Thriller
96811,End of Watch (2012),Crime|Drama|Thriller
96815,V/H/S (2012),Horror|Thriller
96821,"Perks of Being a Wallflower, The (2012)",Drama|Romance
96829,"Hunt, The (Jagten) (2012)",Drama
96832,Holy Motors (2012),Drama|Fantasy|Musical|Mystery|Sci-Fi
96840,"Hunter, The (2010)",Thriller
96842,Behind the Burly Q: The Story of Burlesque in America (2010),Documentary
96849,Sparkle (2012),Drama|Musical
96853,Thin Ice (2011),Comedy|Crime|Drama
96857,Red Lights (2012),Drama|Mystery|Thriller
96861,Taken 2 (2012),Action|Crime|Drama|Thriller
96863,"Paperboy, The (2012)",Thriller
96911,"Royal Affair, A (Kongelig affære, En) (2012)",Drama|Romance
96969,"Magic of Belle Isle, The (2012)",Comedy|Drama
96971,"Lie, The (2011)",Drama
96973,"Painted Veil, The (1934)",Drama|Romance
96991,"Sapphires, The (2012)",Comedy|Drama|Musical
97024,Rust and Bone (De rouille et d'os) (2012),Drama|Romance
97051,Here Comes the Devil (Ahí va el diablo) (2012),Horror|Thriller
97057,Kon-Tiki (2012),Adventure|Documentary|Drama
97168,Marley (2012),Documentary
97172,Frankenweenie (2012),Animation|Comedy|Horror|IMAX
97188,Sinister (2012),Horror|Thriller
97225,Hotel Transylvania (2012),Animation|Children|Comedy
97230,Side by Side (2012),Documentary
97232,"Good Old Fashioned Orgy, A (2011)",Comedy
97304,Argo (2012),Drama|Thriller
97306,Seven Psychopaths (2012),Comedy|Crime
97308,Nobody Walks (2012),Drama
97388,"Farewell, My Queen (Les adieux à la reine) (2012)",Drama|Romance
97401,Terumae romae (Thermae Romae) (2012),Comedy|Sci-Fi
97423,Michael (2011),Drama|Thriller
97464,"Thirst for Love, The (Ai no kawaki) (1966)",Drama
97470,Catch .44 (2011),Action|Drama|Thriller
97643,[REC]³ 3 Génesis (2012),Horror|Thriller
97646,Four Sons (1940),Drama|War
97660,Last Ride (2009),Drama
97670,My Forbidden Past (1951),Drama
97685,Around the World (1943),Comedy|Musical
97692,We Are Legion: The Story of the Hacktivists (2012),Documentary
97752,Cloud Atlas (2012),Drama|Sci-Fi|IMAX
97757,'Hellboy': The Seeds of Creation (2004),Action|Adventure|Comedy|Documentary|Fantasy
97773,"Girl, The (2012)",Drama
97785,Silent Hill: Revelation 3D (2012),Horror|Mystery|Thriller
97817,Pumping Iron II: The Women (1985),Documentary
97826,"Patience Stone, The (2012)",Drama|War
97836,Here Comes the Boom (2012),Action|Comedy
97860,Killing Them Softly (2012),Crime|Drama|Thriller
97866,"Imposter, The (2012)",Documentary
97870,"Sessions, The (Surrogate, The) (2012)",Drama
97878,Remember the Day (1941),Drama|Romance|War
97880,"Child Is Waiting, A (1963)",Drama
97882,Salvage (2009),Horror
97895,What Richard Did (2012),Drama
97913,Wreck-It Ralph (2012),Animation|Comedy
97921,Silver Linings Playbook (2012),Comedy|Drama
97923,Flight (2012),Drama
97936,Anna Karenina (2012),Drama
97938,Life of Pi (2012),Adventure|Drama|IMAX
97950,"Man with the Iron Fists, The (2012)",Action|Adventure|Crime
97984,Wake in Fright (1971),Drama|Thriller
97988,"Bay, The (2012)",Horror|Sci-Fi|Thriller
98017,"Late Quartet, A (2012)",Drama
98022,Sleepless Night (Nuit blanche) (2011),Action|Crime|Thriller
98054,Stolen (2012),Action|Crime|Thriller
98056,Amour (2012),Drama|Romance
98083,Jackass 3.5 (2011),Comedy|Documentary
98109,Citadel (2012),Drama|Horror|Thriller
98122,Indie Game: The Movie (2012),Documentary
98124,"Batman: The Dark Knight Returns, Part 1 (2012)",Action|Animation|Sci-Fi
98154,Lincoln (2012),Drama|War
98203,"Twilight Saga: Breaking Dawn - Part 2, The (2012)",Adventure|Drama|Fantasy|Romance|IMAX
98237,Price Check (2012),Comedy|Drama
98239,Red Dawn (2012),Action|War
98243,Rise of the Guardians (2012),Adventure|Animation|Children|Fantasy|IMAX
98284,Fire Over England (1937),Adventure|Romance|War
98290,Storage 24 (2012),Horror|Sci-Fi
98296,Deadfall (2012),Crime|Drama|Thriller
98304,So Big! (1932),Drama
98361,Byzantium (2012),Drama|Fantasy|Thriller
98373,Step Up Revolution (2012),Musical
98491,Paperman (2012),Animation|Comedy|Romance
98526,Jude the Obscure (1971),Drama
98585,Hitchcock (2012),Drama
98766,Carol Channing: Larger Than Life (2012),Comedy|Documentary|Musical
98788,Stand Up and Fight (1939),Drama|Romance|Western
98797,Barbara (2012),Drama
98809,"Hobbit: An Unexpected Journey, The (2012)",Adventure|Fantasy|IMAX
98938,"Last Rites of Joe May, The (2011)",Drama
98961,Zero Dark Thirty (2012),Action|Drama|Thriller
99005,Fire with Fire (2012),Action|Crime|Drama
99007,Warm Bodies (2013),Comedy|Horror|Romance
99024,Asylum Blackout (2011),Horror|Thriller
99056,"Count Yorga, Vampire (1970)",Drama|Horror|Romance
99106,"Guilt Trip, The (2012)",Comedy
99112,Jack Reacher (2012),Action|Crime|Thriller
99114,Django Unchained (2012),Action|Drama|Western
99117,This Is 40 (2012),Drama
99124,Willard (1971),Horror
99145,"Impossible, The (Imposible, Lo) (2012)",Drama|Thriller
99149,"Misérables, Les (2012)",Drama|Musical|Romance|IMAX
99214,Aziz Ansari: Intimate Moments for a Sensual Evening (2010),Comedy|Documentary
99220,Quartet (2012),Comedy|Drama
99296,Would You Rather (2012),Horror|Thriller
99349,Kevin Smith: Burn in Hell (2012),Comedy
99437,John Dies at the End (2012),Comedy|Fantasy|Horror
99495,"Acacias, Las (2011)",Drama
99530,Rurouni Kenshin (Rurôni Kenshin: Meiji kenkaku roman tan) (2012),Action|Drama
99537,Extracted (2012),Drama|Sci-Fi
99574,Promised Land (2012),Drama
99598,Confessions of a Window Cleaner (1974),Comedy
99607,Immaculate Conception of Little Dizzle (2009),Comedy
99611,Confessions of a Pop Performer (1975),Comedy
99687,"Dark Truth, A (Truth, The) (2012)",Drama|Thriller
99695,Pusher (2012),Crime|Drama
99728,Gangster Squad (2013),Action|Crime|Drama
99741,"Company You Keep, The (2012)",Thriller
99750,"Iceman, The (2012)",Crime|Drama|Thriller
99787,"Haunted House, A (2013)",Comedy|Horror
99811,Beware of Mr. Baker (2012),Documentary
99813,"Batman: The Dark Knight Returns, Part 2 (2013)",Action|Animation
99857,Jesse Stone: Stone Cold (2005),Crime|Drama|Mystery
99859,Jesse Stone: Death in Paradise (2006),Crime|Drama|Mystery
99861,Jesse Stone: Sea Change (2007),Crime|Drama
99871,Jesse Stone: No Remorse (2010),Crime|Mystery
99910,"Last Stand, The (2013)",Action|Crime|Thriller
99912,Mama (2013),Horror
99917,Upstream Color (2013),Romance|Sci-Fi|Thriller
99957,Broken City (2013),Crime|Drama|Thriller
99992,Shadow Dancer (2012),Crime|Drama|Thriller
99996,It's a Disaster (2012),Comedy|Drama
100036,Crossfire Hurricane (2012),Documentary|Musical
100083,Movie 43 (2013),Comedy
100091,Hitler's Madman (1943),Drama|War
100106,"Pervert's Guide to Ideology, The (2012)",Documentary
100108,Parker (2013),Crime|Thriller
100138,"Simple Life, A (Tao jie) (2011)",Drama
100159,Sightseers (2012),Comedy
100163,Hansel & Gretel: Witch Hunters (2013),Action|Fantasy|Horror|IMAX
100165,Kon-Tiki (1950),Adventure|Documentary
100169,After Porn Ends (2010),Documentary
100238,"Big Picture, The (L'homme qui voulait vivre sa vie) (2010)",Drama
100240,"Woman's Face, A (En kvinnas ansikte) (1938)",Drama
100244,"East, The (2013)",Drama
100304,"Liability, The (2012)",Action|Thriller
100308,Pressure Point  (1962),Drama
100322,"Baytown Outlaws, The (2012)",Action|Comedy|Crime
100326,Stand Up Guys (2012),Comedy|Crime
100344,No (2012),Drama
100383,Side Effects (2013),Crime|Drama|Mystery|Thriller
100385,Midnight's Children (2012),Drama
100390,Identity Thief (2013),Comedy|Crime
100436,"Gatekeepers, The (2012)",Documentary
100440,Lore (2012),Drama|Thriller|War
100487,Beautiful Creatures (2013),Drama|Fantasy|Romance
100498,"Good Day to Die Hard, A (2013)",Action|Crime|Thriller|IMAX
100507,21 and Over (2013),Comedy
100527,Safe Haven (2013),Drama|Mystery|Romance
100556,"Act of Killing, The (2012)",Documentary
100579,Universal Soldier: Day of Reckoning (2012),Action|Sci-Fi|Thriller
100714,Before Midnight (2013),Drama|Romance
100717,"Oranges, The (2011)",Comedy|Drama|Romance
100737,Snitch (2013),Action|Drama|Thriller
100745,TPB AFK: The Pirate Bay Away from Keyboard (2013),Documentary
100810,Dark Skies (2013),Horror|Sci-Fi|Thriller
100882,Journey to the West: Conquering the Demons (Daai wa sai you chi Chui mo chun kei) (2013),Adventure|Comedy|Fantasy|Romance|IMAX
100906,Maniac Cop 2 (1990),Action|Horror|Thriller
101025,Jack the Giant Slayer (2013),Adventure|Fantasy|IMAX
101060,"Last Exorcism Part II, The (2013)",Horror|Thriller
101064,Verboten! (1959),Action|Romance|War
101076,G.I. Joe: Retaliation (2013),Action|Adventure|Sci-Fi|Thriller|IMAX
101088,Stoker (2013),Drama|Mystery|Thriller
101112,Oz the Great and Powerful (2013),Action|Adventure|Fantasy|IMAX
101137,Dead Man Down (2013),Action|Crime|Drama|Romance|Thriller
101142,"Croods, The (2013)",Adventure|Animation|Comedy
101204,"Hucksters, The (1947)",Drama
101207,Emperor (2012),Drama|War
101210,"Silence, The (Das letzte Schweigen) (2010)",Crime|Drama|Thriller
101283,"Incredible Burt Wonderstone, The (2013)",Comedy
101285,Spring Breakers (2013),Comedy|Crime|Drama
101360,"Call, The (2013)",Drama|Thriller
101362,Olympus Has Fallen (2013),Action|Thriller
101433,Moving Out (1983),Drama
101525,"Place Beyond the Pines, The (2012)",Crime|Drama
101529,"Brass Teapot, The (2012)",Comedy|Fantasy|Thriller
101531,Phil Spector (2013),Drama
101612,Admission (2013),Comedy|Romance
101687,Blue Caprice (2013),Crime|Drama
101739,Evil Dead (2013),Horror
101741,Trance (2013),Crime|Thriller
101761,Welcome to the Punch (2013),Action|Adventure|Crime|Thriller
101862,50 Children: The Rescue Mission of Mr. And Mrs. Kraus (2013),Documentary
101864,Oblivion (2013),Action|Adventure|Sci-Fi|IMAX
101893,To the Wonder (2013),Drama|Romance
101895,42 (2013),Drama
101904,Happy (2011),Documentary|Drama
101962,Wolf Children (Okami kodomo no ame to yuki) (2012),Animation|Fantasy
101971,Never Sleep Again: The Elm Street Legacy (2010),Documentary
101973,Disconnect (2012),Drama|Thriller
101997,Scary Movie 5 (Scary MoVie) (2013),Comedy
102033,Pain & Gain (2013),Action|Comedy|Crime
102047,"Bride Came C.O.D., The (1941)",Comedy|Romance
102066,Resolution (2012),Horror|Thriller
102070,Grabbers (2012),Comedy|Horror|Sci-Fi
102084,Justice League: Doom (2012),Action|Animation|Fantasy
102088,"Grandmaster, The (Yi dai zong shi) (2013)",Action|Drama|IMAX
102093,After Office Hours (1935),Comedy|Crime|Drama
102123,This Is the End (2013),Action|Comedy
102125,Iron Man 3 (2013),Action|Sci-Fi|Thriller|IMAX
102160,"Numbers Station, The (2013)",Action|Thriller
102194,Mud (2012),Adventure|Crime|Drama
102231,Dragon (Wu Xia) (2011),Action|Drama
102275,"Afflicted, The (2010)",Horror|Thriller
102278,Pawn (2013),Crime|Thriller
102294,"Scapegoat, The (2012)",Drama
102354,About Cherry (2012),Drama
102378,Syrup (2013),Comedy|Drama
102396,"Woman in the Fifth, The (Femme du Vème, La) (2011)",Drama|Mystery|Thriller
102407,"Great Gatsby, The (2013)",Drama
102432,"Blueprint for Murder, A (1953)",Film-Noir|Mystery|Thriller
102445,Star Trek Into Darkness (2013),Action|Adventure|Sci-Fi|IMAX
102481,"Internship, The (2013)",Comedy
102487,"Man with a Cloak, The (1951)",Drama|Thriller
102509,"Secret Six, The (1931)",Crime
102666,Ivan Vasilievich: Back to the Future (Ivan Vasilievich menyaet professiyu) (1973),Adventure|Comedy
102684,Only God Forgives (2013),Drama|Thriller
102686,"Hangover Part III, The (2013)",Comedy
102688,Garbo the Spy (Garbo: El espía) (2009),Documentary|War
102716,"Fast & Furious 6 (Fast and the Furious 6, The) (2013)",Action|Crime|Thriller|IMAX
102720,Epic (2013),Adventure|Animation|Fantasy
102753,"Past, The (Le passé) (2013)",Drama|Mystery|Romance
102760,Down Terrace (2009),Comedy|Crime|Drama
102800,Frances Ha (2012),Comedy|Drama
102819,Behind the Candelabra (2013),Drama
102868,Privilege (1967),Drama|Musical
102880,After Earth (2013),Action|Adventure|Sci-Fi|IMAX
102903,Now You See Me (2013),Crime|Mystery|Thriller
102920,Dark Circles (2013),Horror
102967,"Combat dans L'Ile, Le (Fire and Ice) (1962)",Drama
102978,Mary and Martha (2013),Drama
102991,Berberian Sound Studio (2012),Drama|Horror|Thriller
102993,"Way, Way Back, The (2013)",Comedy|Drama
103006,Penthouse (1933),Comedy|Crime|Drama
103027,Much Ado About Nothing (2012),Comedy|Drama|Romance
103042,Man of Steel (2013),Action|Adventure|Fantasy|Sci-Fi|IMAX
103055,The Big Wedding (2013),Comedy
103075,"Purge, The (2013)",Crime|Horror|Thriller
103107,20 Feet from Stardom (Twenty Feet from Stardom) (2013),Documentary
103137,"Bling Ring, The (2013)",Crime|Drama
103141,Monsters University (2013),Adventure|Animation|Comedy
103210,Fullmetal Alchemist: The Sacred Star of Milos (2011),Action|Adventure|Animation
103219,Maniac (2012),Horror|Thriller
103228,Pacific Rim (2013),Action|Adventure|Sci-Fi|IMAX
103235,"Best Offer, The (Migliore offerta, La) (2013)",Thriller
103249,World War Z (2013),Action|Drama|Horror|IMAX
103253,Elysium (2013),Action|Drama|Sci-Fi|IMAX
103279,What Maisie Knew (2012),Drama
103299,American Mary (2012),Horror|Thriller
103306,Europa Report (2013),Sci-Fi|Thriller
103315,Odd Thomas (2013),Drama|Fantasy|Mystery|Thriller
103319,Jim Gaffigan: Mr. Universe (2012),Comedy
103335,Despicable Me 2 (2013),Animation|Children|Comedy|IMAX
103339,White House Down (2013),Action|Drama|Thriller|IMAX
103341,"World's End, The (2013)",Action|Comedy|Sci-Fi
103366,Redemption (Hummingbird) (2013),Action|Crime|Thriller
103372,"Heat, The (2013)",Action|Comedy|Crime
103384,"Lone Ranger, The (2013)",Action|Adventure|Western|IMAX
103439,"Thieves, The (Dodookdeul) (2012)",Action|Crime
103444,Woody Allen: A Documentary (2012),Documentary
103483,V/H/S/2 (2013),Horror|Thriller
103493,Gideon's Army (2013),Documentary
103539,The Spectacular Now (2013),Comedy|Drama|Romance
103554,"Hijacking, A (Kapringen) (2012)",Drama|Thriller
103570,Dead Man's Burden (2012),Western
103572,Downloaded (2013),Documentary
103574,Jug Face (2013),Horror
103596,Sharknado (2013),Sci-Fi
103624,Fruitvale Station (2013),Drama
103655,R.I.P.D. (2013),Action|Comedy|Fantasy
103659,Justice League: The Flashpoint Paradox (2013),Action|Adventure|Animation|Fantasy|Sci-Fi
103669,Killing Season (2013),Action|Thriller
103688,"Conjuring, The (2013)",Horror|Thriller
103755,Turbo (2013),Adventure|Animation|Children|Comedy|Fantasy
103772,"Wolverine, The (2013)",Action|Adventure|Fantasy|Sci-Fi
103801,Drinking Buddies (2013),Comedy|Drama|Romance
103810,Red 2 (2013),Action|Comedy|Crime|Thriller
103823,"Nick Carter, Master Detective (1939)",Crime|Drama|Mystery
103825,Vehicle 19 (2013),Thriller
103849,New World (Shin-sae-gye) (2013),Thriller
103851,Page Miss Glory (1935),Comedy
103865,Revenge for Jolly! (2012),Comedy|Drama
103867,Night Train To Lisbon (2013),Mystery|Romance|Thriller
103883,2 Guns (2013),Action|Comedy|Crime
103980,Blue Jasmine (2013),Drama
103984,"Great Beauty, The (Grande Bellezza, La) (2013)",Comedy|Drama
104033,"Love, Marilyn (2012)",Documentary
104069,Louis C.K.: Oh My God (2013),Comedy
104074,Percy Jackson: Sea of Monsters (2013),Adventure|Children|Fantasy
104078,Alan Partridge: Alpha Papa (2013),Comedy
104093,"Attack, The (2012)",Drama
104099,Lupin the Third: The Secret of Mamo (1978),Action|Animation|Crime
104116,"Road to Brown, The (1989)",Documentary
104129,Man of Tai Chi (2013),Action|IMAX
104155,Clear History (2013),Comedy
104177,From One Second to the Next (2013),Documentary
104211,We're the Millers (2013),Comedy|Crime
104218,Grown Ups 2 (2013),Comedy
104231,Drug War (Du zhan) (2012),Crime
104241,Kick-Ass 2 (2013),Action|Comedy|Crime
104243,Riddick (2013),Action|Sci-Fi|Thriller|IMAX
104272,Blackfish (2013),Documentary
104280,"Black Room, The (1935)",Crime|Horror|Thriller
104283,"Wind Rises, The (Kaze tachinu) (2013)",Animation|Drama|Romance
104312,"Mortal Instruments: City of Bones, The (2013)",Action|Adventure|Drama|IMAX
104319,"First Grader, The (2010)",Drama
104323,Four Horsemen (2012),Documentary
104337,Lee Daniels' The Butler (2013),Drama
104356,Museum Hours (2013),Drama
104361,Ain't Them Bodies Saints (2013),Drama
104374,About Time (2013),Drama|Fantasy|Romance
104406,Fill the Void (Lemale et ha'halal) (2012),Drama
104419,Justice League: Crisis on Two Earths (2010),Action|Animation|Sci-Fi
104441,"Frozen Ground, The (2013)",Crime|Drama|Thriller
104457,You're Next (2011),Horror|Thriller
104520,"Crimson Permanent Assurance, The (1983)",Adventure|Comedy
104563,Too Hot to Handle (1938),Adventure|Comedy|Romance
104642,Sealed Cargo (1951),Thriller|War
104736,Closed Circuit (2013),Crime|Drama|Mystery
104762,"Teacher, A (2013)",Drama
104841,Gravity (2013),Action|Sci-Fi|IMAX
104843,And Now a Word from Our Sponsor (2013),Comedy|Drama
104861,I Spit on Your Grave 2 (2013),Crime|Horror|Thriller
104879,Prisoners (2013),Drama|Mystery|Thriller
104881,"Out of the Furnace (Dust to Dust) (Low Dweller, The) (2013)",Drama|Thriller
104906,Austenland (2013),Comedy|Romance
104908,Insidious: Chapter 2 (2013),Horror|Thriller
104913,Rush (2013),Action|Drama
104925,"Family, The (2013)",Action|Comedy|Crime
104944,Short Term 12 (2013),Drama
104947,At Any Price (2012),Drama|Thriller
104956,Just One of the Girls (1993),Comedy
105197,Nebraska (2013),Adventure|Drama
105211,Enough Said (2013),Comedy|Drama|Romance
105213,Don Jon (2013),Comedy|Drama|Romance
105223,Colorado Territory (1949),Western
105266,First Cousin Once Removed (2012),Documentary
105351,Runner Runner (2013),Crime|Drama|Thriller
105355,Blue Is the Warmest Color (La vie d'Adèle) (2013),Drama|Romance
105366,Shake Hands with the Devil (1959),Action|Drama
105386,Curse of Chucky (Child's Play 6) (2013),Horror|Thriller
105404,Muhammad Ali's Greatest Fight (2013),Drama
105468,Cloudy with a Chance of Meatballs 2 (2013),Animation|Children|Comedy|Fantasy
105477,Talaash (2012),Crime|Drama|Mystery
105497,Kumail Nanjiani: Beta Male (2013),Comedy|Documentary
105504,Captain Phillips (2013),Adventure|Drama|Thriller|IMAX
105593,Filth (2013),Comedy|Crime|Drama
105653,Escape Plan (2013),Action|Mystery|Thriller
105703,Haute Cuisine (2012),Drama
105720,"Thief of Paris, The (Le voleur) (1967)",Comedy|Crime|Drama
105731,Carrie (2013),Drama|Horror
105748,"Place of One's Own, A (1945)",Drama|Mystery|Thriller
105755,"Counselor, The (2013)",Crime|Drama|Thriller
105835,"Double, The (2013)",Comedy|Drama|Thriller
105844,12 Years a Slave (2013),Drama
105863,Child's Pose (2013),Drama
105954,All Is Lost (2013),Action|Adventure|Drama
106002,Ender's Game (2013),Action|Adventure|Sci-Fi|IMAX
106026,Folies Bergere de Paris (1935),Comedy|Musical
106046,The Escape Artist (1982),Crime|Drama
106062,Jackass Presents: Bad Grandpa (2013),Comedy
106072,Thor: The Dark World (2013),Action|Adventure|Fantasy|IMAX
106100,Dallas Buyers Club (2013),Drama
106144,"Selfish Giant, The (2013)",Drama
106163,"Touch of Sin, A (Tian zhu ding) (2013)",Drama
106193,Les Formidables (Gang-jeok) (2006),Action|Adventure|Crime
106195,How I Live Now (2013),Action|Drama|Thriller
106220,Aziz Ansari: Buried Alive (2013),Comedy
106222,Aziz Ansari: Dangerously Delicious (2012),Comedy
106234,Great Expectations (2012),Drama
106240,Free Birds (2013),Action|Adventure|Animation|Children|Comedy|Sci-Fi
106330,Last Vegas (2013),Comedy|Drama|Romance
106334,"Hollow Crown, The (2012)",Drama
106346,W.C. Fields and Me (1976),Drama
106407,Seduced and Abandoned (2013),Comedy|Documentary
106438,Philomena (2013),Comedy|Drama
106441,"Book Thief, The (2013)",Children|Drama|War
106452,Ida (2013),Drama
106487,"Hunger Games: Catching Fire, The (2013)",Action|Adventure|Sci-Fi|IMAX
106489,"Hobbit: The Desolation of Smaug, The (2013)",Adventure|Fantasy|IMAX
106491,47 Ronin (2013),Action|Adventure|Fantasy
106498,"Magic Voyage of Sindbad, The (Sadko) (1953)",Adventure|Fantasy
106508,"Dyatlov Pass Incident, The (Devil's Pass) (2013)",Mystery|Thriller
106583,Berlin Express (1948),Crime|Drama|Film-Noir|Thriller
106642,"Day of the Doctor, The (2013)",Adventure|Drama|Sci-Fi
106696,Frozen (2013),Adventure|Animation|Comedy|Fantasy|Musical|Romance
106766,Inside Llewyn Davis (2013),Drama
106782,"Wolf of Wall Street, The (2013)",Comedy|Crime|Drama
106785,Homefront (2013),Action|Crime|Thriller
106839,Mandela: Long Walk to Freedom (2013),Drama
106841,August: Osage County (2013),Comedy|Drama
106873,Evangelion: 3.0 You Can (Not) Redo (2012),Action|Animation|Drama
106883,All is Bright (2013),Comedy|Drama
106916,American Hustle (2013),Crime|Drama
106918,"Secret Life of Walter Mitty, The (2013)",Adventure|Comedy|Drama
106920,Her (2013),Drama|Romance|Sci-Fi
107042,Six by Sondheim (2013),Documentary
107069,Lone Survivor (2013),Action|Drama|Thriller|War
107141,Saving Mr. Banks (2013),Comedy|Drama
107159,Zatoichi and the Chest of Gold (Zatôichi senryô-kubi) (Zatôichi 6) (1964),Action|Drama
107196,Is the Man Who Is Tall Happy? (2013),Animation|Documentary
107314,Oldboy (2013),Action|Drama|Mystery
107348,Anchorman 2: The Legend Continues (2013),Comedy
107406,Snowpiercer (2013),Action|Drama|Sci-Fi
107677,"Human Race, The (2013)",Action|Horror|Sci-Fi
107765,Dream Machine (1991),Action|Comedy|Crime
107771,Only Lovers Left Alive (2013),Drama|Horror|Romance
107916,Yves Saint Laurent (2014),Drama|Romance
107949,"Invisible Woman, The (2013)",Drama|Romance
107978,"Like Father, Like Son (Soshite chichi ni naru) (2013)",Drama
107980,"Railway Man, The (2013)",Drama
107990,"We and the I, The (2012)",Drama
107997,We Are What We Are (2013),Drama|Horror|Mystery|Thriller
108078,Chinese Puzzle (Casse-tête chinois) (2013),Comedy|Romance
108156,Ride Along (2014),Action|Comedy
108158,Penguin Pool Murder (1932),Comedy|Drama|Mystery|Romance
108188,Jack Ryan: Shadow Recruit (2014),Action|Drama|Thriller|IMAX
108190,Divergent (2014),Adventure|Romance|Sci-Fi|IMAX
108192,Hotel Chevalier (Part 1 of 'The Darjeeling Limited') (2007),Drama
108216,Cargo (2013),Action|Drama|Fantasy|Horror
108220,"Square, The (Al Midan) (2013)",Documentary
108318,"Single Shot, A (2013)",Crime|Drama|Film-Noir|Thriller
108427,Blume in Love (1973),Comedy|Drama|Romance
108501,Justice League: War (2014),Action|Adventure|Animation|Fantasy|Sci-Fi
108506,Dark Touch (2013),Horror
108548,"Big Bang Theory, The (2007)",Comedy
108583,Fawlty Towers (1975-1979),Comedy
108713,Tomorrow Night (1998),Comedy|Drama
108715,Better Living Through Chemistry (2014),Comedy|Drama
108727,Nymphomaniac: Volume I (2013),Drama
108729,Enemy (2013),Mystery|Thriller
108778,Stranger by the Lake (L'inconnu du lac) (2013),Drama|Romance
108780,Labor Day (2013),Drama|Romance
108825,"Young and Prodigious T.S. Spivet, The (L'extravagant voyage du jeune et prodigieux T.S. Spivet) (2013)",Adventure|Children|Drama
108864,"Prey, The (La proie) (2011)",Action|Crime|Thriller
108899,Gloria (2013),Comedy|Drama
108928,"Monuments Men, The (2014)",Action|Drama|War
108932,The Lego Movie (2014),Action|Adventure|Animation|Children|Comedy|Fantasy
108938,Aliyah (Alyah) (2012),Drama
108940,"Road, The (2011)",Crime|Drama|Horror|Thriller
108945,RoboCop (2014),Action|Crime|Sci-Fi|IMAX
108949,"Art of the Steal, The (2013)",Crime
108977,Paranoia Agent (2004),Animation|Crime|Drama|Horror|Mystery
108979,Cowboy Bebop (1998),Action|Adventure|Animation|Crime|Sci-Fi
108981,Nymphomaniac: Volume II (2013),Drama|Mystery
109072,Sabotage (2014),Action|Crime|Drama
109157,"Long Way Down, A (2014)",Comedy|Drama
109191,Winter's Tale (2014),Drama|Fantasy|Mystery
109237,Bhowani Junction (1956),Adventure|Drama|Romance
109374,"Grand Budapest Hotel, The (2014)",Comedy|Drama
109376,Cuban Fury (2014),Comedy
109390,"Black Coal, Thin Ice (Bai ri yan huo) (2014)",Crime|Drama|Mystery|Thriller
109452,Omar (2013),Drama|Romance
109463,7 Boxes (2012),Thriller
109483,That Awkward Moment (2014),Comedy|Romance
109487,Interstellar (2014),Sci-Fi|IMAX
109569,3 Days to Kill (2014),Action|Crime|Drama
109578,Non-Stop (2014),Action|Mystery|Thriller
109607,In Fear (2013),Thriller
109633,"Garden of Words, The (Koto no ha no niwa) (2013)",Animation|Romance
109673,300: Rise of an Empire (2014),Action|Drama|War|IMAX
109682,"Sumo Do, Sumo Don't (Shiko funjatta) (1992)",Comedy
109720,Contracted (2013),Drama|Horror|Thriller
109742,Cheap Thrills (2013),Comedy|Thriller
109848,Under the Skin (2013),Horror|Sci-Fi|Thriller
109850,Need for Speed (2014),Action|Crime|Drama|IMAX
109864,Veronica Mars (2014),Comedy|Crime|Drama
110030,"Bless Me, Ultima (2013)",Drama|War
110039,Space Pirate Captain Harlock (2013),Animation|Sci-Fi
110102,Captain America: The Winter Soldier (2014),Action|Adventure|Sci-Fi|IMAX
110110,Starred Up (2013),Drama
110127,Noah (2014),Adventure|Drama|IMAX
110169,Les Lyonnais (2011),Drama|Thriller
110173,Wolf (2013),Crime|Drama|Thriller
110216,BloodRayne: The Third Reich (2011),Action|Adventure|Fantasy|Horror
110322,Dom Hemingway (2014),Comedy|Crime|Drama
110337,Moebius (2013),Drama
110407,"Machine, The (2013)",Sci-Fi|Thriller
110453,Draft Day (2014),Drama
110461,We Are the Best! (Vi är bäst!) (2013),Children|Comedy|Drama
110501,The Raid 2: Berandal (2014),Action|Crime|Thriller
110553,The Amazing Spider-Man 2 (2014),Action|Sci-Fi|IMAX
110557,Graceland (2012),Crime|Drama|Thriller
110586,Calvary (2014),Comedy|Drama
110591,Oculus (2013),Horror
110611,Cold in July (2014),Drama|Thriller
110633,Arsène Lupin (1932),Mystery|Romance
110655,Rio 2 (2014),Adventure|Animation|Children|Comedy
110718,Fading Gigolo (2013),Comedy
110730,Transcendence (2014),Drama|Sci-Fi|IMAX
110771,"Other Woman, The (2014)",Comedy|Romance
110809,Vampire Academy (2014),Action|Comedy|Fantasy
110826,Brick Mansions (2014),Action|Crime|Drama
110828,Devil's Knot (2013),Crime|Drama|Thriller
110882,Locke (2013),Drama
111113,Neighbors (2014),Comedy
111235,Jodorowsky's Dune (2013),Documentary|Sci-Fi
111249,Belle (2013),Drama
111251,"Immigrant, The (2013)",Drama|Romance
111285,Crack-Up (1946),Crime|Film-Noir|Mystery
111360,Lucy (2014),Action|Sci-Fi
111362,X-Men: Days of Future Past (2014),Action|Adventure|Sci-Fi
111364,Godzilla (2014),Action|Adventure|Sci-Fi|IMAX
111384,Blue Ruin (2013),Thriller
111387,Palo Alto (2013),Drama
111389,Kid Cannabis (2014),Drama
111443,Chef (2014),Comedy
111458,Blaise Pascal (1972),Drama
111460,Rosemary's Baby (2014),Horror|Thriller
111617,Blended (2014),Comedy
111622,Begin Again (2013),Comedy|Romance
111659,Maleficent (2014),Action|Adventure|Children|IMAX
111661,"Two Faces of January, The (2014)",Thriller
111732,"Dance of Reality, The (Danza de la realidad, La) (2013)",Drama|Fantasy
111743,A Million Ways to Die in the West (2014),Comedy|Western
111752,Empire of Silver (Bai yin di guo) (2009),Drama|Romance
111759,Edge of Tomorrow (2014),Action|Sci-Fi|IMAX
111781,Mission: Impossible - Rogue Nation (2015),Action|Adventure|Thriller
111921,The Fault in Our Stars (2014),Drama|Romance
111999,Princess Tam-Tam (Princesse Tam-Tam) (1935),Comedy|Drama
112006,Tangled Ever After (2012),Action|Animation|Children
112070,Maps to the Stars (2014),Drama
112085,Goodbye World (2013),Comedy|Drama
112138,22 Jump Street (2014),Action|Comedy|Crime
112171,"Equalizer, The (2014)",Action|Crime|Thriller
112175,How to Train Your Dragon 2 (2014),Action|Adventure|Animation
112183,Birdman: Or (The Unexpected Virtue of Ignorance) (2014),Comedy|Drama
112261,I See a Dark Stranger (1946),Romance|Thriller
112279,Doc of the Dead (2014),Documentary
112290,Boyhood (2014),Drama
112301,Tall Story (1960),Comedy
112316,Jersey Boys (2014),Drama|Musical
112334,"Internet's Own Boy: The Story of Aaron Swartz, The (2014)",Documentary
112359,"Woman's Secret, A (1949)",Drama|Film-Noir|Mystery
112370,Transformers: Age of Extinction (2014),Action|Adventure|Sci-Fi
112450,They Came Together (2014),Comedy|Romance
112458,"Son-Daughter, The (1932)",Drama
112485,Francis (1950),Comedy
112497,Tammy (2014),Comedy
112515,"Babadook, The (2014)",Drama|Horror|Thriller
112552,Whiplash (2014),Drama
